"id","created_at","updated_at","care_addr","care_nm","care_tel"
1,"2024-09-18 16:41:33.259389","2024-09-18 16:41:33.259397","경상남도 창원시 의창구 창이대로 71 (명서동, 창원시농업기술센터) 축산과",창원유기동물보호소,"055-225-5701"
2,"2024-09-18 16:41:33.511226","2024-09-18 16:41:33.511231","경상남도 거제시 사등면 두동로1길 109 (사등면, 한국자원재생공사폐비닐적재장) 거제시유기동물보호소",거제시유기동물보호소,"055-639-6368"
3,"2024-09-18 16:41:33.543281","2024-09-18 16:41:33.543286",경상남도 창원시 마산합포구 진북면 지산2길 139-112 226-19,마산유기동물보호소,"055-225-5701"
4,"2024-09-18 16:41:33.569689","2024-09-18 16:41:33.569693",경상북도 김천시 구성면 남김천대로 3296-22  하강리 44(김천시 유기동물보호센터),김천시 동물보호센터,"054-421-2547"
5,"2024-09-18 16:41:33.604244","2024-09-18 16:41:33.604249",경상북도 포항시 북구 흥해읍 덕장길 224 (흥해읍) ,(사)영일동물플러스,"054-262-8295"
6,"2024-09-18 16:41:33.716758","2024-09-18 16:41:33.716763","전라남도 여수시 주동1길 32 (주삼동, 여수시농업기술센터) 여수시 유기동물보호소",유기동물보호소,"061-659-2474"
7,"2024-09-18 16:41:33.773319","2024-09-18 16:41:33.773324",전라북도 전주시 완산구 전주천서로 111 (서서학동) ,박영재동물병원,"063-284-7774"
8,"2024-09-18 16:41:33.846268","2024-09-18 16:41:33.846273",전라북도 전주시 완산구 서원로 225 (중화산동2가) ,링크늘푸른동물병원,"063-281-0075"
9,"2024-09-18 16:41:33.870602","2024-09-18 16:41:33.870607",충청남도 부여군 임천면 위덕로47번길 36-12  (점리),남부여동물보호소,"041-837-8277"
10,"2024-09-18 16:41:33.901246","2024-09-18 16:41:33.901251",강원특별자치도 원주시 호저면 칠봉로 109-17  ,원주시동물보호센터,"033-731-1119"
11,"2024-09-18 16:41:33.923991","2024-09-18 16:41:33.923996",경기도 남양주시 경강로163번길 32-27 (이패동) ,남양주시동물보호센터,"031-590-2785"
12,"2024-09-18 16:41:33.949316","2024-09-18 16:41:33.949321",경기도 부천시 오정구 소사로 779 (원종동) 201호,"24시아이동물메디컬","032-677-5262"
13,"2024-09-18 16:41:33.978305","2024-09-18 16:41:33.978312",경기도 부천시 소사구 경인로 72 (송내동) ,가나동물병원,"032-665-0075"
14,"2024-09-18 16:41:33.999295","2024-09-18 16:41:33.999300","경기도 성남시 분당구 불정로 266 (수내동, 유신제일조합) ",펫앤쉘터동물병원,"031-714-8392"
15,"2024-09-18 16:41:34.036888","2024-09-18 16:41:34.036893",울산광역시 남구 중앙로 165-1 (신정동) ,사랑동물병원,"052-273-0075"
16,"2024-09-18 16:41:34.092678","2024-09-18 16:41:34.092682",광주광역시 북구 본촌마을길 27 (본촌동) 광주광역시 동물보호소,광주 동물보호소,"062-571-2808"
17,"2024-09-18 16:41:34.138448","2024-09-18 16:41:34.138453",대구광역시 중구 동인동4가 국채보상로 724 ,대구시수의사회(동인),"070-4466-1575"
18,"2024-09-18 16:41:34.192095","2024-09-18 16:41:34.192100",경상북도 상주시 청리면 남상주로 1205-59  ,상주시 동물보호센터,"010-9270-1191"
19,"2024-09-18 16:41:34.207353","2024-09-18 16:41:34.207357",전북특별자치도 익산시 삼기면 황금로 342-17  ,익산유기동물보호소,"063-855-1214"
20,"2024-09-18 16:41:34.281242","2024-09-18 16:41:34.281247",강원도 인제군 인제읍 비봉로44번길 105  ,인제군유기동물보호소,"033-460-2473"
21,"2024-09-18 16:41:34.304259","2024-09-18 16:41:34.304264",대구광역시 동구 금강로 151-13 (금강동) ,대구유기동물보호협회,"053-964-6258"
22,"2024-09-18 16:41:34.347255","2024-09-18 16:41:34.347260",경상북도 경주시 천북면 천북로 8-4  경주시 동물사랑보호센터,경주동물사랑보호센터,"010-8889-2883"
23,"2024-09-18 16:41:34.430264","2024-09-18 16:41:34.430269",충청북도 청주시 흥덕구 강내면 서부로 411-55 (강내면) ,반려동물보호센터,"043-201-2298"
24,"2024-09-18 16:41:34.462078","2024-09-18 16:41:34.462082",강원도 춘천시 신북읍 영서로 3282 (신북읍) (전)102보충대 주차장,춘천시 동물보호센터,"033-245-5351"
25,"2024-09-18 16:41:34.484846","2024-09-18 16:41:34.484851",경기도 양평군 양평읍 농업기술센터길 59-1  ,양평군유기동물보호소,"031-770-2337"
26,"2024-09-18 16:41:34.512432","2024-09-18 16:41:34.512468",경기도 오산시 성호대로 36 (오산동) ,오산 유기동물보호소,"031-372-9325"
27,"2024-09-18 16:41:34.558499","2024-09-18 16:41:34.558503","경기도 고양시 덕양구 고양대로 1695 (원흥동, 고양시 농업기술센터) 고양시동물보호센터",고양시동물보호센터,"031-962-3232"
28,"2024-09-18 16:41:34.662798","2024-09-18 16:41:34.662803",대구광역시 수성구 달구벌대로 2475 (범어동) ,제니스동물병원,"053-756-8293"
29,"2024-09-18 16:41:34.692677","2024-09-18 16:41:34.692682",충청남도 예산군 예산읍 아리랑로 236  지하1층,예산동물보호센터,"010-5453-8043"
30,"2024-09-18 16:41:34.838377","2024-09-18 16:41:34.838382",인천광역시 서구 가정로 346 (가정동) ,가정동물병원,"032-575-0833"
31,"2024-09-18 16:41:34.893296","2024-09-18 16:41:34.893301",제주특별자치도 제주시 첨단동길 184-14 (용강동) ,제주 동물보호센터,"064-710-4065"
32,"2024-09-18 16:41:35.022238","2024-09-18 16:41:35.022243",전라남도 나주시 산포면 내기3길 71-43 [*미고시] ,나주유기동물보호센터,"010-2331-7377"
33,"2024-09-18 16:41:35.233651","2024-09-18 16:41:35.233656",경상남도 거창군 남상면 수남로 1934-12  ,거창유기동물보호센터,"055-945-6500"
34,"2024-09-18 16:41:35.259659","2024-09-18 16:41:35.259663",경상북도 영덕군 영덕읍 구미2길 14-1 (영덕읍) 영덕군유기동물보호센터,영덕유기동물보호센터,"054-730-6286"
35,"2024-09-18 16:41:35.277699","2024-09-18 16:41:35.277704",경상북도 문경시 중앙로 170 (흥덕동) 종합축산,종합축산,"054-552-2233"
36,"2024-09-18 16:41:35.298842","2024-09-18 16:41:35.298846",경상북도 구미시 인동22길 43-4 (진평동) ,반려동물 입양센터,"054-716-0211"
37,"2024-09-18 16:41:35.329142","2024-09-18 16:41:35.329147",전라남도 무안군 삼향읍 석매길 21-5  ,목포시유기동물보호소,"010-9678-9966"
38,"2024-09-18 16:41:35.352908","2024-09-18 16:41:35.352912",충청남도 당진시 고대면 연동로 30-6 (고대면) ,당진시동물보호소,"041-356-8210"
39,"2024-09-18 16:41:35.384207","2024-09-18 16:41:35.384212",충청남도 태안군 태안읍 남문리 504-6,최동물병원,"041-672-0346"
40,"2024-09-18 16:41:35.410806","2024-09-18 16:41:35.410810",강원도 강릉시 성산면 내맬길 172  ,강릉시 동물사랑센터,"033-641-7515"
41,"2024-09-18 16:41:35.430639","2024-09-18 16:41:35.430643",경기도 여주시 능서면 능서공원길 34 (능서면) ,위더스 동물보호센터,"031-882-4381"
42,"2024-09-18 16:41:35.448452","2024-09-18 16:41:35.448456",경기도 시흥시 뒷방울길 218 (정왕동) ,시흥동물누리보호센터,"031-310-6945"
43,"2024-09-18 16:41:35.501480","2024-09-18 16:41:35.501485",대구광역시 중구 동인동4가 국채보상로 724 (동인동4가) 가창면 관할,동인동물병원,"053-424-4258"
44,"2024-09-18 16:41:35.716458","2024-09-18 16:41:35.716463",전라남도 영광군 불갑면 함영로 2755-48  ,영광동물보호센터,"010-9188-5525"
45,"2024-09-18 16:41:35.756208","2024-09-18 16:41:35.756213",대구광역시 군위군 군위읍 중앙1길 15  1층,군위종합동물병원,"010-5121-3193"
46,"2024-09-18 16:41:35.808575","2024-09-18 16:41:35.808580",전라북도 군산시 대야면 보덕안정길 108-20  ,군산유기동물보호센터,"063-451-2975"
47,"2024-09-18 16:41:35.837232","2024-09-18 16:41:35.839075",경기도 안산시 상록구 청곡길 50 (부곡동) ,한국야생동물보호협회,"031-296-0124"
48,"2024-09-18 16:41:35.998590","2024-09-18 16:41:35.998595",경상북도 경산시 용성면 사양지길 95 (용성면) ,경산시유기동물보호소,"010-5847-0956"
49,"2024-09-23 00:27:37.235545","2024-09-23 00:27:37.235554",충청북도 보은군 보은읍 뱃들로 47  ,보은군동물보호센터,"043-540-3642"
50,"2024-09-23 00:27:37.309369","2024-09-23 00:27:37.309377",경상남도 창녕군 고암면 창밀로 335-26 (고암면) 고암면 억만리 28,창녕 유기동물보호소,"010-5488-5003"
51,"2024-09-23 00:27:37.354710","2024-09-23 00:27:37.354718",경상남도 창원시 진해구 웅천로 218 (성내동) 도시농업과 부지 내,진해유기동물보호소,"055-225-5701"
52,"2024-09-23 00:27:37.450288","2024-09-23 00:27:37.450296",전라북도 전주시 덕진구 인후동1가 806-6,행복한동물병원,"063-244-0090"
53,"2024-09-23 00:27:37.501777","2024-09-23 00:27:37.501785",전라북도 전주시 완산구 경원동1가 3-10,동부동물병원,"063-231-2455"
54,"2024-09-23 00:27:37.666282","2024-09-23 00:27:37.666290",강원도 철원군 동송읍 장흥로 311  ,철원군,"033-450-5394"
55,"2024-09-23 00:27:37.760314","2024-09-23 00:27:37.760322",경기도 평택시 진위면 야막길 108-86 (진위면) ,평택시유기동물보호소,"031-8024-3849"
56,"2024-09-23 00:27:37.845216","2024-09-23 00:27:37.845224",울산광역시 중구 다운로 1 (다운동) ,산타클라라동물병원,"052-244-4296"
57,"2024-09-23 00:27:38.081421","2024-09-23 00:27:38.081436",대구광역시 중구 남성로 서성로 34 (남성로) ,대구시수의사회(동산),"053-254-3366"
58,"2024-09-23 00:27:38.168374","2024-09-23 00:27:38.168382","경상남도 진주시 집현면 신당길207번길 22 (집현면, 지역농업개발시설) ",진주시동물보호센터,"055-749-6134"
59,"2024-09-23 00:27:38.200772","2024-09-23 00:27:38.200779",경상북도 울진군 울진읍 대흥신림로 916-37  ,울진군동물보호센터,"054-789-6795"
60,"2024-09-23 00:27:38.223115","2024-09-23 00:27:38.223121",경상북도 고령군 운수면 하법길 37 (운수면) ,고령군 임시보호소,"010-4419-4135"
61,"2024-09-23 00:27:38.333291","2024-09-23 00:27:38.333299",경상북도 청도군 화양읍 청화3길 10  청도군 농업기술센터,청도군동물보호소,"054-370-6557"
62,"2024-09-23 00:27:38.450773","2024-09-23 00:27:38.450781",전라북도 고창군 무장면 신촌농장길 98  ,더나은동물병원,"063-560-2629"
63,"2024-09-23 00:27:38.504462","2024-09-23 00:27:38.504469",전북특별자치도 남원시 죽항동 278번지,청원동물병원,"063-633-3533"
64,"2024-09-23 00:27:38.528305","2024-09-23 00:27:38.528313","충청남도 천안시 동남구 목천읍 충절로 577  문의전화 : 입양(010-5913-5119), 구조(010-4999-6119)",천안시 동물보호센터,"010-5913-5119"
65,"2024-09-23 00:27:38.572104","2024-09-23 00:27:38.572111",충청북도 음성군 금왕읍 대금로 1498 (금왕읍) 금왕동물병원,금왕동물병원,"043-877-0763"
66,"2024-09-23 00:27:39.177305","2024-09-23 00:27:39.177313",대구광역시 수성구 용학로 294 (범물동) 2층,멘토동물병원,"053-291-7579"
67,"2024-09-23 00:27:39.197451","2024-09-23 00:27:39.197458",대구광역시 동구 금강로 151-13 (금강동) ,대구유기동물보호센터,"053-964-6258"
68,"2024-09-23 00:27:39.218184","2024-09-23 00:27:39.218189",경기도 양주시 남면 감악산로 63-37 (남면) ,한국동물구조관리협회,"031-867-9119"
69,"2024-09-23 00:27:39.237037","2024-09-23 00:27:39.237043","서울특별시 서초구 양재천로19길 22 (양재동, 숨빌딩) 서초동물사랑센터",서초동물사랑센터,"02-6956-7980"
70,"2024-09-23 00:27:39.265497","2024-09-23 00:27:39.265504",서울특별시 동대문구 천호대로 145 (용두동) ,동대문구청,"02-2127-4741"
71,"2024-09-23 00:27:39.354254","2024-09-23 00:27:39.354261","경상북도 영천시 천문로 622-13 (오미동, 영천시농업기술센터) ",영천유기동물보호센터,"054-339-7177"
72,"2024-09-23 00:27:39.382755","2024-09-23 00:27:39.382762",대전광역시 유성구 금남구즉로 1234 (금고동) 대전광역시 동물보호센터,대전동물보호센터,"042-270-7239"
73,"2024-09-23 00:27:39.408244","2024-09-23 00:27:39.408251",전북특별자치도 전주시 덕진구 쪽구름2길 8 (여의동2가) 1층,사랑플러스동물병원,"063-211-0600"
74,"2024-09-23 00:27:39.434620","2024-09-23 00:27:39.434627",충청북도 충주시 중앙탑면 일곱실길 70 (중앙탑면) ,충주시동물보호센터,"043-851-3168"
75,"2024-09-23 00:27:39.832647","2024-09-23 00:27:39.832656",부산광역시 강서구 제도로 726 (강동동) ,(사)하얀비둘기,"051-293-9779"
76,"2024-09-23 00:27:39.944358","2024-09-23 00:27:39.944365",세종특별자치시  전동면 미륵당1길 188 (전동면) ,세종유기동물보호센터,"010-4435-3720"
77,"2024-09-23 00:27:39.963210","2024-09-23 00:27:39.963217",경상남도 하동군 적량면 한옥정길 90 (적량면) 유기동물보호소,하동군유기동물보호소,"055-880-2677"
78,"2024-09-23 00:27:39.983263","2024-09-23 00:27:39.983270",경상남도 의령군 의령읍 남강로 485-75  ,의령군 동물보호센터,"055-570-4203"
79,"2024-09-23 00:27:40.007293","2024-09-23 00:27:40.007301",경상남도 양산시 동면 석산리 392 양산시농업기술센터,양산시 동물보호센터,"055-392-5669"
80,"2024-09-23 00:27:40.105464","2024-09-23 00:27:40.105472",경상남도 사천시 용현면 진삼로 902  사천시유기동물보호소,사천시 동물보호센터,"055-831-3768"
81,"2024-09-23 00:27:40.177263","2024-09-23 00:27:40.177271",경상북도 봉화군 봉성면 농업인길 24 (봉성면) 봉화군농업기술센터,봉화군유기동물보호소,"054-679-6868"
82,"2024-09-23 00:27:40.203772","2024-09-23 00:27:40.203779",경상북도 성주군 선남면 선노로 522 (선남면) ,성주유기동물보호센터,"010-2949-6699"
83,"2024-09-23 00:27:40.359256","2024-09-23 00:27:40.359264",전라남도 무안군 삼향읍 석매길 21-3  ,신안군유기동물보호소,"010-9678-9966"
84,"2024-09-23 00:27:40.380214","2024-09-23 00:27:40.380221",전라남도 장성군 삼계면 능성로 382-31  0,장성군동물보호센터,"061-390-8423"
85,"2024-09-23 00:27:40.408743","2024-09-23 00:27:40.408750",전라남도 영암군 삼호읍 녹색로 1117-49 (삼호읍) 영암유기동물 삼호보호소,유기동물 삼호 보호소,"010-9599-5400"
86,"2024-09-23 00:27:40.439640","2024-09-23 00:27:40.439647",전라남도 구례군 용방면 용방로 64-11  ,구례군동물보호센터,"061-781-2022"
87,"2024-09-23 00:27:40.485130","2024-09-23 00:27:40.485139",전라남도 광양시 봉강면 인덕로 1169-20 (봉강면) 지곡리 864-24,광양시 임시보호소,"061-797-3386"
88,"2024-09-23 00:27:40.512899","2024-09-23 00:27:40.512906","전라남도 순천시 승주읍 승주로 628 (승주읍, 농업기술센터) 순천시유기동물보호소",순천시유기동물보호소,"061-749-8793"
89,"2024-09-23 00:27:40.547501","2024-09-23 00:27:40.547509",전북특별자치도 부안군 주산면 주산로 369  부안군 동물보호센터,부안군 동물보호센터,"063-580-4499"
90,"2024-09-23 00:27:40.577940","2024-09-23 00:27:40.577947",전라북도 김제시 용지면 금백로 571-39 (용지면) 전북말산업복합센터,전북말산업복합센터,"063-547-3549"
91,"2024-09-23 00:27:40.677759","2024-09-23 00:27:40.677771",전북특별자치도 남원시 인월면 인월로 64  ,인월동물병원,"063-636-2873"
92,"2024-09-23 00:27:40.694474","2024-09-23 00:27:40.694480",전라북도 전주시 완산구 서신동 831-4,서신동물병원,"063-253-2747"
93,"2024-09-23 00:27:40.810686","2024-09-23 00:27:40.810694",충청남도 논산시 계백로665번길 100 (등화동) 논산시 동물보호센터,논산시 동물보호센터,"041-746-8470"
94,"2024-09-23 00:27:40.830906","2024-09-23 00:27:40.830914",충청남도 서산시 인지면 무학재1길 99  ,서산시 동물보호센터,"041-660-2040"
95,"2024-09-23 00:27:40.876567","2024-09-23 00:27:40.876576",충청남도 보령시 녹문3길 7 (내항동) ,보령시유기동물보호소,"010-5427-7210"
96,"2024-09-23 00:27:40.892185","2024-09-23 00:27:40.892192",충청남도 보령시 남대천로 91 (대천동) 상가동 201호,보령길고양이보호협회,"010-9942-9901"
97,"2024-09-23 00:27:40.910843","2024-09-23 00:27:40.910850",충청남도 공주시 우성면 내산목천길 52-15  ,공주시 동물보호센터,"041-840-3495"
98,"2024-09-23 00:27:40.970166","2024-09-23 00:27:40.970175",충청북도 증평군 도안면 입장길 239 (도안면) ,괴산증평동물보호센터,"010-3169-1151"
99,"2024-09-23 00:27:41.024353","2024-09-23 00:27:41.024361",충청북도 증평군 도안면 입장길 239  ,증평 가정견 훈련소,"043-539-3565"
100,"2024-09-23 00:27:41.049805","2024-09-23 00:27:41.049812","충청북도 영동군 영동읍 계산로 54 (영동읍, 최종주동물병원) ",최종주동물병원,"043-744-4209"
101,"2024-09-23 00:27:41.077829","2024-09-23 00:27:41.077836","충청북도 옥천군 옥천읍 삼금로 53 (옥천읍, 동물병원) 옥천동물병원",옥천동물병원,"010-8843-8844"
102,"2024-09-23 00:27:41.125609","2024-09-23 00:27:41.125617",강원도 고성군 간성읍 꽃내마루길 53-49  ,유기견임시보호소,"033-680-3724"
103,"2024-09-23 00:27:41.161507","2024-09-23 00:27:41.161515",강원도 양구군 국토정중앙면 삼팔선로 680  유기동물보호소,양구군유기동물보호소,"033-480-7781"
104,"2024-09-23 00:27:41.178567","2024-09-23 00:27:41.178574",강원도 정선군 정선읍 정선로 1321 (정선읍) ,정선가축병원,"033-563-0198"
105,"2024-09-23 00:27:41.271982","2024-09-23 00:27:41.271990",강원도 정선군 정선읍 비봉로 46  ,다나동물병원,"033-563-6563"
106,"2024-09-23 00:27:41.299093","2024-09-23 00:27:41.299101",강원도 속초시 하도문길 103 (대포동) ,속초시유기동물보호소,"033-636-2519"
107,"2024-09-23 00:27:41.367589","2024-09-23 00:27:41.367598",경기도 광주시 초월읍 현산로385번길 74-12 (초월읍) ,광주TNR동물병원초월,"031-798-7581"
108,"2024-09-23 00:27:41.421658","2024-09-23 00:27:41.421666",경기도 화성시 남양읍 화성로 1483-27 (남양읍) ,남양동물보호센터,"031-356-2281"
109,"2024-09-23 00:27:41.493260","2024-09-23 00:27:41.493268","경기도 가평군 가평읍 아랫마장길 59 (가평읍, 농업기술센터) 가평 유기동물 보호소(10:00~18:00)",가평군유기동물보호소,"031-580-4794"
110,"2024-09-23 00:27:41.526144","2024-09-23 00:27:41.526155",경기도 용인시 처인구 중부대로 1074-1 (삼가동) 용인시 동물보호센터,용인시 동물보호센터,"031-324-3463"
111,"2024-09-23 00:27:41.800284","2024-09-23 00:27:41.800293","경기도 부천시 원미구 중동로 244 (중동, 상록센트럴타워) 109,110호",정샘동물병원,"032-323-4999"
112,"2024-09-23 00:27:41.816457","2024-09-23 00:27:41.816463",경기도 부천시 원미구 중동로 100 (중동) 아이파크 상가동 213호,부천시수의사회,"032-323-4999"
113,"2024-09-23 00:27:41.855008","2024-09-23 00:27:41.855038","경기도 수원시 영통구 광교호수로 234 (하동, 수원시 동물보호센터) 하동 40-10",수원시 동물보호센터,"031-228-3557"
114,"2024-09-23 00:27:41.932985","2024-09-23 00:27:41.932993",대구광역시 달성군 다사읍 달구벌대로 893 (다사읍) ,"119동물병원","070-8028-1195"
115,"2024-09-23 00:27:41.948400","2024-09-23 00:27:41.948407",대구광역시 달성군 화원읍 사문진로 447 (화원읍) 화원읍 관할,화원연합동물병원,"053-634-7975"
116,"2024-09-23 00:27:41.964814","2024-09-23 00:27:41.964820",대구광역시 수성구 수성동1가 명덕로 393 (수성동1가) ,신세계동물병원,"053-751-6693"
117,"2024-09-23 00:27:42.004872","2024-09-23 00:27:42.004880",부산광역시 연제구 온천천남로 4 (연산동) ,청조동물병원,"051-503-0688"
118,"2024-09-23 00:27:42.027298","2024-09-23 00:27:42.027305",서울특별시 강동구 양재대로81길 73 (성내동) ,강동리본센터(reborn),"070-4163-7350"
119,"2024-09-23 00:27:42.047119","2024-09-23 00:27:42.047127",서울특별시 동작구 장승배기로27길 18 (노량진동) ,디아크동물종합병원,"02-816-7582"
120,"2024-09-23 00:27:42.066392","2024-09-23 00:27:42.066400",서울특별시 마포구 독막로 45 (합정동) ,홍익동물병원,"02-325-2026"
121,"2024-09-23 00:27:42.519081","2024-09-23 00:27:42.519090",경상남도 밀양시 삼랑진읍 천태로 472 (삼랑진읍) ,밀양시 동물보호센터,"055-359-7184"
122,"2024-09-23 00:27:42.538648","2024-09-23 00:27:42.538655",부산광역시 강서구 가락대로1283번길 25-2 (봉림동) (사)유기동물및보호관리협회,유기동물및관리협회,"051-971-6208"
123,"2024-09-23 00:27:42.565825","2024-09-23 00:27:42.565831",부산광역시 강서구 가락대로1283번길 25-2 (봉림동) ,(사)동물보호관리협회,"051-971-6208"
124,"2024-09-23 00:27:42.640330","2024-09-23 00:27:42.640338",전라남도 진도군 진도읍 성죽골길 30 (진도읍) 진도개축산과,진도군임시보호소,"061-540-6327"
125,"2024-09-23 00:27:42.666214","2024-09-23 00:27:42.666220",전라남도 해남군 해남읍 용머리길 14-37  ,해남유기동물보호센터,"061-531-3916"
126,"2024-09-23 00:27:42.823913","2024-09-23 00:27:42.823921",충청남도 홍성군 홍동면 충절로 625 (홍동면) ,금일동물보호센터,"041-634-5400"
127,"2024-09-23 00:27:42.897917","2024-09-23 00:27:42.897925",충청남도 아산시 환경공원로 158 (배미동) ,아산동물복지지원센터,"041-530-6200"
128,"2024-09-23 00:27:42.980499","2024-09-23 00:27:42.980507",강원도 삼척시 미로면 동안로 86-45  ,삼척시동물보호센터,"033-571-2610"
129,"2024-09-23 00:27:43.262349","2024-09-23 00:27:43.262358",울산광역시 울주군 온양읍 발리 1144,울산유기동물보호센터,"052-238-6113"
130,"2024-09-23 00:27:43.340670","2024-09-23 00:27:43.340678",인천광역시 서구 서곶로 349 (연희동) 우리동물병원,우리동물병원,"010-8385-8883"
131,"2024-09-23 00:27:43.362209","2024-09-23 00:27:43.362216",인천광역시 계양구 장제로 923 (병방동) ,신영재동물병원,"032-552-0075"
132,"2024-09-23 00:27:43.403049","2024-09-23 00:27:43.403057",인천광역시 부평구 평천로 356 (갈산동) ,짱구네동물병원,"032-511-5515"
133,"2024-09-23 00:27:43.424952","2024-09-23 00:27:43.424959",인천광역시 부평구 원적로 419 (산곡동) ,조재진동물병원,"032-518-3800"
134,"2024-09-23 00:27:43.447995","2024-09-23 00:27:43.448003","인천광역시 계양구 다남로165번길 56 (다남동, 유기동물보호소) ",인천광역시수의사회,"032-515-7567"
135,"2024-09-23 00:27:43.494892","2024-09-23 00:27:43.494898",인천광역시 중구 운남동로3번길 9 (운남동) ,신공항동물병원,"032-751-4598"
136,"2024-09-23 00:27:43.536125","2024-09-23 00:27:43.536131",부산광역시 해운대구 송정2로13번길 46 (송정동) ,(사)동부동물보호협회,"051-701-7599"
137,"2024-09-23 00:27:43.557768","2024-09-23 00:27:43.557775",부산광역시 해운대구 송정2로13번길 46 (송정동) ,동부유기동물보호협회,"051-701-7599"
138,"2024-09-23 00:27:43.600469","2024-09-23 00:27:43.600479",부산광역시 강서구 가락대로1283번길 25-2 (봉림동) ,동물보호관리협회,"010-3344-6208"
139,"2024-09-23 00:27:43.639596","2024-09-23 00:27:43.639604",부산광역시 동구 망양로 835-1 (수정동) ,동구종합동물병원,"051-441-6383"
140,"2024-09-23 00:27:43.768233","2024-09-23 00:27:43.768240","경상남도 합천군 합천읍 옥산로 16 (합천읍, 까치빌라) 태민동물병원",태민동물병원,"010-2868-2108"
141,"2024-09-23 00:27:43.792588","2024-09-23 00:27:43.792596","경상남도 함양군 함양읍 함양남서로 996-76 (함양읍, 농업기술센터) ",함양군위탁보호소,"055-960-8143"
142,"2024-09-23 00:27:43.898813","2024-09-23 00:27:43.898820","경상북도 예천군 예천읍 충효로 632-84 (예천읍, 유기동물보호소) ",예천군유기동물보호소,"054-650-6578"
143,"2024-09-23 00:27:44.061211","2024-09-23 00:27:44.061217",전라남도 함평군 학교면 송산길 84 (학교면) 월산리 806-1 ,학교동물임시보호센터,"010-5649-3435"
144,"2024-09-23 00:27:44.087251","2024-09-23 00:27:44.087259",전라남도 무안군 무안읍 면주길 99  ,무안군유기동물보호소,"061-450-4059"
145,"2024-09-23 00:27:44.165224","2024-09-23 00:27:44.165231",전라남도 순천시 상사면 민속마을길 978 (상사면) .,대한동물사랑협회,"061-755-7547"
146,"2024-09-23 00:27:44.230121","2024-09-23 00:27:44.230129",전라북도 완주군 용진읍 순지2길 187-6  ,완주군유기동물보호소,"063-290-3248"
147,"2024-09-23 00:27:44.382152","2024-09-23 00:27:44.382159",충청남도 계룡시 계룡대로 245 (금암동) 1층,주동물병원,"042-840-2653"
148,"2024-09-23 00:27:44.409217","2024-09-23 00:27:44.409223",충청남도 서천군 마산면 한마로 1189-19 ,서천군유기동물보호소,"041-950-4390"
149,"2024-09-23 00:27:44.655868","2024-09-23 00:27:44.655877",충청북도 제천시 금성면 적성로8길 51 (금성면) ,제천시 동물보호센터,"043-647-0059"
150,"2024-09-23 00:27:44.771212","2024-09-23 00:27:44.771219",강원도 평창군 진부면 청송로 61 ,평창군유기동물보호소,"010-3397-9150"
151,"2024-09-23 00:27:44.791880","2024-09-23 00:27:44.791888",강원도 태백시 문의재로 5 (통동) ,태백시유기동물보호소,"010-6380-5566"
152,"2024-09-23 00:27:44.840620","2024-09-23 00:27:44.840627",경기도 광주시 경안천로 142 (송정동) 광주TNR동물병원,광주TNR동물병원송정,"031-798-7583"
153,"2024-09-23 00:27:44.905236","2024-09-23 00:27:44.905243",경기도 안성시 중앙로 431-1 (봉남동) ,이성준동물병원,"031-673-5858"
154,"2024-09-23 00:27:45.335811","2024-09-23 00:27:45.335818",울산광역시 남구 돋질로 232 (달동) 1층,강남동물병원,"052-271-0075"
155,"2024-09-23 00:27:45.436164","2024-09-23 00:27:45.436173",인천광역시 중구 개항로 68 (경동) ,경동동물병원,"032-765-9988"
156,"2024-09-23 00:27:45.479213","2024-09-23 00:27:45.479219",대구광역시 수성구 수성동2가 명덕로 421 (수성동2가) 허동물병원,허동물병원,"053-752-7535"
157,"2024-09-23 00:27:45.503775","2024-09-23 00:27:45.503780",대구광역시 서구 달서로 165 (비산동) ,대구시수의사회(보경),"053-559-9020"
158,"2024-09-23 00:27:45.517960","2024-09-23 00:27:45.518366",대구광역시 서구 서대구로 24 (내당동) ,대구시수의사회(삼성),"053-556-8575"
159,"2024-09-23 00:27:45.534880","2024-09-23 00:27:45.534886",대구광역시 서구 서대구로 64 (평리동) ,대구수의사회(아이펫),"053-573-1175"
160,"2024-09-23 00:27:45.784235","2024-09-23 00:27:45.784243",부산광역시 해운대구 송정2로13번길 46 (송정동) ,사단법인 동부,"051-701-7599"
161,"2024-09-23 00:27:45.913224","2024-09-23 00:27:45.913231",강원특별자치도 영월군 남면 갈골길 12  영월군 동물보호센터,영월군 동물보호센터,"033-374-4983"
162,"2024-09-23 00:27:46.657255","2024-09-23 00:27:46.657263",충청남도 금산군 금산읍 비단로 59  ,제일동물병원,"041-751-3739"
163,"2024-09-23 00:27:46.766602","2024-09-23 00:27:46.766609",부산광역시 해운대구 송정2로13번길 46 (송정동) ,동부동물보호협회,"051-701-7599"
164,"2024-09-23 00:27:46.792321","2024-09-23 00:27:46.792327",부산광역시 강서구 맥도강변길 752-15 (대저2동) ,부산동물보호센터,"051-832-7119"
165,"2024-09-23 00:27:46.833207","2024-09-23 00:27:46.833214",서울특별시 용산구 후암로 51 (후암동) 1층,남산동물병원,"02-778-7582"
166,"2024-09-23 00:27:47.167720","2024-09-23 00:27:47.167726",경상남도 고성군 고성읍 남해안대로 2829-60  고성군농업기술센터 동물보호센터,고성군유기동물보호소,"055-670-4314"
167,"2024-09-23 00:27:47.514899","2024-09-23 00:27:47.514905",서울특별시 양천구 등촌로 160 (목동) 1층,강현림동물병원,"02-2642-9159"
168,"2024-09-23 00:27:47.926377","2024-09-23 00:27:47.926385",전라남도 보성군 노동면 노동천동길 221  ,보성유기동물보호센터,"061-853-5405"
169,"2024-09-23 00:27:47.943208","2024-09-23 00:27:47.943213",강원도 원주시 호저면 칠봉로 110-6  ,횡성유기동물보호센터,"033-731-1119"
170,"2024-09-23 00:27:47.998707","2024-09-23 00:27:47.998714",경상남도 남해군 이동면 남해대로 2449  동물보호센터,남해군동물보호센터,"055-860-3974"
171,"2024-09-23 00:27:48.073348","2024-09-23 00:27:48.073356",인천광역시 부평구 체육관로 40 (삼산동) ,삼산종합동물병원,"032-330-0075"
172,"2024-09-23 00:27:48.609259","2024-09-23 00:27:48.609267",서울특별시 서대문구 모래내로 333 (홍은동) ,내품애센터,"02-330-3821"
173,"2024-09-23 00:27:48.693218","2024-09-23 00:27:48.693234",경상북도 칠곡군 석적읍 포망로 341 (석적읍) ,칠곡유기동물보호센터,"054-973-5710"
174,"2024-09-23 00:27:48.734919","2024-09-23 00:27:48.734930",강원도 양양군 손양면 동막골길 115-35  .,양양군유기동물보호소,"033-670-2459"
175,"2024-09-23 00:27:49.881559","2024-09-23 00:27:49.881567",인천광역시 계양구 다남로165번길 56 (다남동) 인천수의사회유기동물보호소,인천수의사회유기동물,"032-515-7567"
176,"2024-09-23 00:27:50.011804","2024-09-23 00:27:50.011811",전라북도 순창군 구림면 삭골길 56-1  ,순창유기동물보호소,"063-650-5641"
177,"2024-09-23 00:27:50.044185","2024-09-23 00:27:50.044192",대구광역시 수성구 달구벌대로 3144 (노변동) 펫동물병원,펫동물병원,"053-474-9820"
178,"2024-09-23 00:27:50.369864","2024-09-23 00:27:50.369870",경상남도 통영시 광도면 전두1길 9-8  ,통영시동물보호센터,"055-650-6291"
179,"2024-09-23 00:27:50.542742","2024-09-23 00:27:50.542748","전라남도 고흥군 포두면 우주로 607 (포두면, 소매점) ",고흥군임시보호센터,"010-3625-1447"
180,"2024-09-23 00:27:50.661346","2024-09-23 00:27:50.661353",전북특별자치도 남원시 왕정동 67 ,하나동물병원,"063-634-7582"
181,"2024-09-23 00:27:50.721225","2024-09-23 00:27:50.721231",전북특별자치도 정읍시 2산단5길 37-1 (하북동) ,정읍시 동물보호소,"063-535-6295"
182,"2024-09-23 00:27:50.783537","2024-09-23 00:27:50.783545",충청남도 청양군 대치면 청산로 446-17 (대치면) ,청양보호소,"041-940-2974"
183,"2024-09-23 00:27:50.989365","2024-09-23 00:27:50.989372","강원도 동해시 대동로 159-13 (송정동, 동해시유기동물보호소) ",동해시유기동물보호소,"033-522-2990"
184,"2024-09-23 00:27:51.266729","2024-09-23 00:27:51.266736",울산광역시 동구 방어진순환도로 645 (일산동) ,일산동물의료센터,"052-252-5878"
185,"2024-09-23 00:27:51.597305","2024-09-23 00:27:51.597313",경기도 구리시 동구릉로136번길 57 (인창동) 2층,구리반려동물문화센터,"031-566-0059"
186,"2024-09-23 00:27:51.785227","2024-09-23 00:27:51.785233",경상북도 영주시 장수면 반구로 143 [*미고시] 영주시동물보호센터,영주시 동물보호센터,"010-6682-1185"
187,"2024-09-23 00:27:51.825100","2024-09-23 00:27:51.825107",전북특별자치도 진안군 진안읍 예리길 36  .,진안군유기동물보호소,"063-430-8175"
188,"2024-09-23 00:27:52.095253","2024-09-23 00:27:52.095259","대구광역시 달서구 진천로 117 (대천동) 117,118 호",동행동물병원,"053-636-8720"
189,"2024-09-23 00:27:52.300222","2024-09-23 00:27:52.300229",경상남도 산청군 산청읍 친환경로 2783-25 (산청읍) ,산청동물보호센터,"010-2050-8577"
190,"2024-09-23 00:27:52.430374","2024-09-23 00:27:52.430381",경상북도 구미시 해평면 낙동대로 2206  ,구미시 동물보호센터,"054-471-5718"
191,"2024-09-23 00:27:52.557220","2024-09-23 00:27:52.557227",전라북도 전주시 완산구 백제대로 121 (효자동1가) ,효자동물병원,"063-224-6672"
192,"2024-09-23 00:27:52.615752","2024-09-23 00:27:52.615759",충청북도 증평군 도안면 입장길 239  ,가정견훈련소,"010-3169-1151"
193,"2024-09-23 00:27:53.616920","2024-09-23 00:27:53.616927",경상북도 청송군 현동면 청송로 3128-141  ,점곡동물보호센터,"054-870-6281"
194,"2024-09-23 00:27:53.708735","2024-09-23 00:27:53.708741","전라남도 강진군 강진읍 초지길 109-62 (강진읍, 강진군상하수도사업소) ",강진군 유기견 보호소,"061-430-3237"
195,"2024-09-23 00:27:53.721979","2024-09-23 00:27:53.721985",전라남도 담양군 용면 시암골로 280-57 (용면) :용면 두장리 21번지,담양군 동물보호센터,"061-380-2734"
196,"2024-09-23 00:27:53.847203","2024-09-23 00:27:53.847210",전라북도 전주시 완산구 삼천동1가 592-1,프렌즈동물병원,"063-227-4975"
197,"2024-09-23 00:27:53.885617","2024-09-23 00:27:53.885624",전라북도 전주시 덕진구 송천동1가 626-42,"21세기동물병원","063-251-1015"
198,"2024-09-23 00:27:54.416128","2024-09-23 00:27:54.416135",전라남도 완도군 신지면 신지로6번길 23-89 (신지면) ,유기동물임시보호센터,"061-550-5749"
199,"2024-09-23 00:27:54.535589","2024-09-23 00:27:54.535597",서울특별시 강동구 상일로 13 (상일동) 1~2층 GD동물병원,GD동물병원,"02-429-8822"
200,"2024-09-23 00:27:54.897350","2024-09-23 00:27:54.897357",서울특별시 성동구 금호산길 63-1 (금호동2가) ,한빛동물병원,"02-2286-6852"
201,"2024-09-23 00:27:55.010082","2024-09-23 00:27:55.010089",경상북도 의성군 의성읍 의성사곡로 101  상리리 440-2,의성동물보호센터,"010-8855-5661"
202,"2024-09-23 00:27:55.369164","2024-09-23 00:27:55.369171",강원도 화천군 상서면 영서로 6387-9  화천농업기술센터,화천군농업기술센터,"033-440-2941"
203,"2024-09-23 00:27:55.628211","2024-09-23 00:27:55.628218",울산광역시 남구 대학로 112 (무거동) ,스마일동물병원,"052-277-0075"
204,"2024-09-23 00:27:55.717910","2024-09-23 00:27:55.717917",인천광역시 부평구 후정동로 60 (삼산동) ,늘푸른동물병원,"032-507-0075"
205,"2024-09-23 00:27:55.773853","2024-09-23 00:27:55.773860",대구광역시 서구 서대구로 361 (비산동) 2층,대구시수의사회(더펫),"053-352-0622"
206,"2024-09-23 00:27:56.207835","2024-09-23 00:27:56.207842",충청북도 단양군 매포읍 우덕리 910번지,단양군유기동물보호소,"043-420-2746"
207,"2024-09-23 00:27:56.223840","2024-09-23 00:27:56.223845","강원도 홍천군 화촌면 둔덕이길 68 (화촌면, 홍천군유기동물보호센터) ",홍천군유기동물보호소,"033-434-9435"
208,"2024-09-23 00:27:56.819548","2024-09-23 00:27:56.819555",경상북도 영양군 영양읍 달구터길 85  ,영양군유기동물보호소,"070-7792-6660"
209,"2024-09-23 00:27:56.926826","2024-09-23 00:27:56.926833",전라남도 곡성군 곡성읍 군청로 50  보호소 주소 : 전남 곡성군 곡성읍 구원리 888,푸른곡성21동물보호소,"061-360-8372"
210,"2024-09-23 00:27:58.657525","2024-09-23 00:27:58.657532",대구광역시 달성군 유가읍 테크노공원로 51 (유가읍) ,현풍동물병원,"053-614-3570"
211,"2024-09-23 00:27:59.357716","2024-09-23 00:27:59.357724","전라북도 임실군 오수면 춘향로 1554-95  펫추모공원 입구, 유기동물보호센터",임실유기동물보호센터,"063-640-2507"
212,"2024-09-23 00:28:00.062205","2024-09-23 00:28:00.062212",광주광역시 광산구 첨단내촌로70번길 108-9 (월계동) ,첨단우리동물병원,"062-972-6675"
213,"2024-09-23 00:28:00.164310","2024-09-23 00:28:00.164317",서울특별시 강동구 양재대로 1385 (성내동) 둔촌동물병원,둔촌동물병원,"02-474-5100"
214,"2024-09-23 00:28:00.617672","2024-09-23 00:28:00.617681",광주광역시 북구 첨단연신로 100 (신용동) 대성베르힐 A동 206-207호,광주첨단YB동물병원,"062-571-2808"
215,"2024-09-23 00:28:01.827820","2024-09-23 00:28:01.827827","인천광역시 강화군 강화읍 강화대로 217 (강화읍, 린나이보일러) ",베스트동물병원,"032-934-9340"
216,"2024-09-23 00:28:02.495309","2024-09-23 00:28:02.495316",전라북도 장수군 천천면 승마1로 152  ,장수군 보호소,"063-350-2436"
217,"2024-09-23 00:28:03.986651","2024-09-23 00:28:03.986659",대구광역시 수성구 동원로 150 (만촌동) 금강동물병원,금강동물병원,"053-746-7111"
218,"2024-09-23 00:28:05.982502","2024-09-23 00:28:05.982508",전라남도 화순군 한천면 덕음로 115 (한천면) ,화순군유기동물보호소,"010-2663-6907"
219,"2024-09-23 00:28:07.676294","2024-09-23 00:28:07.676302",대구광역시 수성구 청호로 484 (만촌동) ,세인트동물병원,"053-744-8285"
220,"2024-09-23 00:28:07.740050","2024-09-23 00:28:07.740058",경상북도 안동시 서후면 풍산태사로 3252-29 (서후면) ,유기동물보호센터,"010-7703-1999"
221,"2024-09-23 00:28:10.618844","2024-09-23 00:28:10.618853","서울특별시 마포구 월드컵북로 27 (서교동, 이화빌딩) 서교동447-2",웰케어 동물병원,"02-337-7575"
222,"2024-10-09 14:32:09.694611","2024-10-09 14:32:09.694613",제주특별자치도 제주시 아봉로 503-1 (용강동) ,제주에니멀119(주),"010-2929-4114"
223,"2024-10-09 14:32:10.837522","2024-10-09 14:32:10.837524",경상남도 거창군 거창읍 거창대로 13-2  ,나래동물병원,"010-9074-4896"
224,"2024-10-09 14:32:13.013223","2024-10-09 14:32:13.013224",서울특별시 용산구 한남동 653-26,펫토이동물병원,"02-795-2184"
225,"2024-10-09 14:32:13.329406","2024-10-09 14:32:13.329408",서울특별시 용산구 원효로2가 84-10,열린동물병원,"02-3273-0075"
226,"2024-10-09 14:32:13.409522","2024-10-09 14:32:13.409523",제주특별자치도 제주시 첨단동길 184-14 (용강동) ,제주동물보호센터,"064-710-4067"
227,"2024-10-09 14:32:15.988528","2024-10-09 14:32:15.988530",충청북도 청주시 청원구 상당로 314 (내덕동) ,청주시 TNR,"043-201-2275"
228,"2024-10-09 14:32:17.440969","2024-10-09 14:32:17.440971",대구광역시 중구 삼덕동1가 달구벌대로 2145 ,대구시수의사회(삼덕),"053-426-1731"
229,"2024-10-09 14:32:19.515127","2024-10-09 14:32:19.515129","서울특별시 강동구 성내로 25 (성내동, 강동구청) 강동구청 ",강동구청 반려동물팀 ,"02-3425-6015"
230,"2024-10-09 14:32:23.638451","2024-10-09 14:32:23.638453",충청남도 태안군 남면 몽대로 249  ,태안 동물보호소,"041-670-2820"
231,"2025-02-16 12:36:58.038477","2025-02-16 12:36:58.040039",광주광역시 북구 본촌마을길 25-1 (본촌동) 광주동물보호센터,광주동물보호센터,"062-613-6770"
232,"2025-02-16 12:36:58.153966","2025-02-16 12:36:58.153975",서울특별시 동작구 장승배기로27길 18 (노량진동) 1층,디아크 동물종합병원,"02-816-7582"
233,"2025-02-16 12:36:58.664626","2025-02-16 12:36:58.664634",전라남도 함평군 학교면 송산길 84 (학교면) 월산리 806-1 ,학교임시동물보호센터,"010-5649-3435"
234,"2025-02-16 12:36:58.966593","2025-02-16 12:36:58.966601",충청남도 예산군 예산읍 군청로 22  ,예산임시동물보호센터,"041-339-7838"
235,"2025-02-16 12:36:59.051268","2025-02-16 12:36:59.051277","강원도 동해시 대동로 159-13 (송정동, 동해시유기동물보호소) ",동해시동물보호센터,"033-522-2990"
236,"2025-02-16 12:36:59.080334","2025-02-16 12:36:59.080341",경기도 화성시 남양읍 화성로 1483-27 (남양읍) ,화성동물보호센터,"031-356-2281"
237,"2025-02-16 12:36:59.693944","2025-02-16 12:36:59.693953",인천광역시 강화군 강화읍 강화대로 254-1  ,디디동물병원,"010-2679-3786"
238,"2025-02-16 12:37:01.086256","2025-02-16 12:37:01.086263",경상북도 청도군 청도읍 중앙로 84-466  동물보호센터,청도군동물보호센터,"054-371-9267"
239,"2025-02-16 12:37:01.468611","2025-02-16 12:37:01.468619",경기도 하남시 미사동로40번길 75-91 (미사동) ,하남동물보호센터,"031-790-5853"
240,"2025-02-16 12:37:01.597257","2025-02-16 12:37:01.597266",서울특별시 성동구 고산자로 270 (행당동) 10층 여성가족과,성동구청,"02-2286-6853"
241,"2025-02-16 12:37:01.641151","2025-02-16 12:37:01.641160",강원특별자치도 인제군 인제읍 덕산로 256-41  ,인제군동물보호센터,"033-460-2473"
242,"2025-02-16 12:37:03.983621","2025-02-16 12:37:03.983640",울산광역시 울주군 삼남읍 상평강변길 3  ,초록동물병원,"052-262-6114"
243,"2025-02-16 12:37:06.088686","2025-02-16 12:37:06.088695",경상남도 통영시 한산면 호두1길 351  공공형 고양이 보호분양센터,고양이보호분양센터,"055-650-6250"
244,"2025-02-16 12:37:06.153172","2025-02-16 12:37:06.153181",전북특별자치도 전주시 완산구 거마평로 170 (효자동1가) 데이지동물병원,데이지동물병원,"063-225-7588"
245,"2025-02-16 12:37:06.173774","2025-02-16 12:37:06.173780",충청북도 단양군 매포읍 우덕리 828번지,단양군동물보호센터,"043-420-2742"
246,"2025-02-16 12:37:07.410285","2025-02-16 12:37:07.410293",경상남도 함안군 가야읍 함안대로 755 ,함안군유기동물보호소,"010-6248-2131"
247,"2025-02-16 12:37:08.356555","2025-02-16 12:37:08.356564",서울특별시 용산구 이촌동 300-23,이상윤동물병원,"02-792-5455"
